,Unnamed: 0,participant_id,task_idx,task_status,results_responses,results_rt,results_ind_previous,results_targetvalue,nb_blocks,result_commission_errors,result_clean_rt,mean_result_clean_rt,result_nb_omission
0,0,15,1,PRE_TEST,"['1', '1', '1', '0', '0', '1', '0', '2', '0', '1', '1', '0', '0', '0', '0', '1', '1', '1', '1', '1', '0', '1', '1', '0', '0', '1', '0', '0', '0', '1', '0', '0', '1', '1', '1', '0']","['333', '332', '350', '', '', '467', '', '332', '', '417', '400', '', '', '', '', '449', '434', '567', '400', '433', '', '400', '401', '', '', '450', '', '', '', '433', '', '', '466', '399', '433', '']","['1', '2', '6', '5', '4', '4', '3', '4', '5', '2', '0', '5', '5', '3', '2', '4', '1', '1', '6', '4', '1', '2', '2', '5', '3', '2', '0', '5', '4', '4', '3', '1', '6', '2', '2', '3']","['3', '3', '3', '9', '1', '3', '1', '4', '5', '3', '3', '2', '9', '9', '8', '3', '3', '3', '3', '3', '4', '3', '3', '6', '9', '3', '2', '8', '8', '3', '8', '1', '3', '3', '3', '9']",36,1,"[333, 332, 350, 0, 0, 467, 0, 0, 0, 417, 400, 0, 0, 0, 0, 449, 434, 567, 400, 433, 0, 400, 401, 0, 0, 450, 0, 0, 0, 433, 0, 0, 466, 399, 433, 0]",210.11111111111111,0
1,1,15,1,POST_TEST,"['1', '1', '2', '1', '0', '0', '1', '0', '0', '0', '1', '0', '0', '1', '1', '1', '0', '0', '1', '0', '1', '1', '1', '0', '0', '1', '0', '1', '1', '0', '1', '0', '1', '1', '0', '0']","['432', '366', '366', '384', '', '', '384', '', '', '', '416', '', '', '366', '450', '368', '', '', '533', '', '435', '483', '367', '', '', '400', '', '401', '566', '', '599', '', '366', '434', '', '']","['2', '0', '3', '4', '0', '2', '0', '3', '0', '6', '3', '5', '6', '2', '0', '0', '5', '3', '4', '5', '4', '0', '2', '0', '1', '3', '4', '5', '1', '3', '0', '1', '1', '1', '4', '2']","['3', '3', '6', '3', '5', '4', '3', '8', '9', '2', '3', '1', '2', '3', '3', '3', '4', '2', '3', '4', '3', '3', '3', '8', '9', '3', '1', '3', '3', '8', '3', '6', '3', '3', '5', '4']",36,1,"[432, 366, 0, 384, 0, 0, 384, 0, 0, 0, 416, 0, 0, 366, 450, 368, 0, 0, 533, 0, 435, 483, 367, 0, 0, 400, 0, 401, 566, 0, 599, 0, 366, 434, 0, 0]",215.27777777777777,0
2,2,51,0,PRE_TEST,"['0', '0', '1', '0', '0', '1', '0', '0', '1', '1', '0', '0', '1', '0', '1', '0', '1', '1', '0', '0', '1', '1', '0', '1', '1', '0', '0', '1', '0', '1', '1', '0', '1', '0', '0', '1']","['', '', '451', '', '', '549', '', '', '533', '683', '', '', '533', '', '550', '', '500', '566', '', '', '566', '533', '', '517', '1000', '', '', '650', '', '501', '533', '', '515', '', '', '546']","['2', '0', '4', '6', '3', '4', '1', '6', '3', '1', '1', '6', '2', '5', '3', '6', '4', '6', '3', '3', '3', '6', '4', '5', '0', '2', '1', '2', '6', '4', '0', '3', '2', '6', '6', '0']","['5', '2', '3', '4', '8', '3', '3', '4', '3', '3', '4', '8', '3', '5', '3', '6', '3', '3', '5', '2', '3', '3', '5', '3', '3', '4', '4', '3', '5', '3', '3', '9', '3', '9', '6', '3']",36,0,"[0, 0, 451, 0, 0, 549, 0, 0, 533, 683, 0, 0, 533, 0, 550, 0, 500, 566, 0, 0, 566, 533, 0, 517, 1000, 0, 0, 650, 0, 501, 533, 0, 515, 0, 0, 546]",270.1666666666667,1
3,3,51,0,POST_TEST,"['0', '1', '1', '0', '0', '1', '0', '1', '0', '1', '1', '1', '0', '0', '1', '0', '1', '0', '0', '1', '1', '0', '0', '1', '0', '0', '1', '1', '1', '0', '1', '0', '1', '1', '0', '0']","['', '400', '449', '', '', '416', '', '433', '', '450', '450', '484', '', '', '616', '', '466', '', '', '416', '450', '', '', '432', '', '', '450', '416', '450', '', '450', '', '450', '450', '', '']","['4', '6', '5', '1', '2', '0', '4', '4', '5', '5', '6', '3', '5', '2', '1', '0', '0', '3', '2', '1', '4', '4', '5', '2', '6', '5', '1', '4', '3', '0', '6', '1', '0', '5', '3', '1']","['5', '3', '3', '9', '4', '3', '2', '3', '5', '3', '3', '3', '2', '1', '3', '1', '3', '6', '4', '3', '3', '1', '1', '3', '6', '4', '3', '3', '3', '9', '3', '8', '3', '3', '5', '2']",36,0,"[0, 400, 449, 0, 0, 416, 0, 433, 0, 450, 450, 484, 0, 0, 616, 0, 466, 0, 0, 416, 450, 0, 0, 432, 0, 0, 450, 416, 450, 0, 450, 0, 450, 450, 0, 0]",225.77777777777777,0
4,4,48,5,PRE_TEST,"['0', '0', '0', '1', '0', '1', '0', '1', '1', '0', '0', '1', '0', '1', '0', '1', '0', '0', '1', '1', '0', '0', '0', '1', '0', '0', '1', '1', '0', '1', '1', '1', '0', '0', '0', '1']","['', '', '', '517', '', '483', '', '482', '483', '', '', '517', '', '500', '', '517', '', '', '517', '534', '', '', '', '550', '', '', '584', '500', '', '500', '583', '501', '', '', '', '617']","['2', '0', '2', '2', '1', '2', '1', '6', '2', '1', '3', '3', '6', '0', '2', '2', '0', '1', '2', '5', '5', '6', '0', '3', '5', '6', '0', '5', '1', '2', '2', '3', '2', '5', '6', '0']","['1', '4', '5', '3', '5', '3', '9', '3', '3', '9', '5', '3', '3', '3', '1', '3', '8', '5', '3', '3', '4', '4', '4', '3', '3', '5', '3', '3', '4', '3', '3', '3', '2', '9', '5', '3']",36,0,"[0, 0, 0, 517, 0, 483, 0, 482, 483, 0, 0, 517, 0, 500, 0, 517, 0, 0, 517, 534, 0, 0, 0, 550, 0, 0, 584, 500, 0, 500, 583, 501, 0, 0, 0, 617]",232.91666666666666,2
5,5,48,5,POST_TEST,"['0', '1', '1', '1', '1', '1', '0', '0', '1', '0', '0', '1', '1', '1', '0', '0', '0', '0', '0', '1', '1', '0', '1', '0', '1', '0', '0', '1', '0', '1', '0', '0', '1', '0', '1', '1']","['', '567', '633', '566', '550', '533', '', '', '533', '', '', '583', '617', '567', '', '', '', '', '', '700', '483', '', '667', '', '634', '', '', '550', '', '633', '', '', '533', '', '617', '583']","['0', '0', '3', '3', '4', '1', '0', '2', '2', '5', '5', '4', '0', '5', '5', '1', '1', '6', '5', '2', '1', '5', '0', '0', '4', '2', '4', '1', '0', '2', '0', '0', '6', '2', '1', '3']","['4', '3', '3', '3', '3', '3', '5', '2', '3', '6', '8', '3', '3', '3', '4', '9', '5', '9', '6', '3', '3', '1', '3', '8', '3', '8', '6', '3', '2', '3', '8', '1', '3', '5', '3', '3']",36,0,"[0, 567, 633, 566, 550, 533, 0, 0, 533, 0, 0, 583, 617, 567, 0, 0, 0, 0, 0, 700, 483, 0, 667, 0, 634, 0, 0, 550, 0, 633, 0, 0, 533, 0, 617, 583]",293.02777777777777,0
6,6,68,6,PRE_TEST,"['2', '0', '1', '1', '0', '1', '0', '1', '0', '1', '0', '1', '0', '1', '0', '0', '0', '1', '0', '1', '0', '1', '1', '0', '0', '1', '1', '1', '0', '1', '0', '0', '1', '0', '1', '1']","['401', '', '447', '438', '', '483', '', '452', '', '498', '', '500', '', '482', '', '', '', '446', '', '467', '', '451', '483', '', '', '472', '483', '450', '', '467', '', '', '462', '', '451', '470']","['1', '3', '2', '5', '6', '2', '3', '6', '3', '2', '2', '3', '6', '0', '6', '1', '5', '5', '4', '5', '4', '2', '4', '0', '3', '0', '1', '0', '6', '4', '4', '4', '2', '6', '4', '1']","['6', '6', '3', '3', '5', '3', '8', '3', '5', '3', '9', '3', '6', '3', '6', '4', '4', '3', '5', '3', '4', '3', '3', '9', '6', '3', '3', '3', '5', '3', '4', '5', '3', '2', '3', '3']",36,1,"[0, 0, 447, 438, 0, 483, 0, 452, 0, 498, 0, 500, 0, 482, 0, 0, 0, 446, 0, 467, 0, 451, 483, 0, 0, 472, 483, 450, 0, 467, 0, 0, 462, 0, 451, 470]",233.38888888888889,0
7,7,68,6,POST_TEST,"['1', '0', '0', '1', '1', '0', '0', '1', '1', '0', '1', '1', '1', '0', '1', '1', '0', '0', '0', '0', '0', '1', '1', '1', '1', '0', '0', '0', '0', '0', '1', '0', '1', '1', '0', '0']","['485', '', '', '452', '518', '', '', '465', '517', '', '433', '499', '498', '', '417', '434', '', '', '', '', '', '433', '466', '493', '482', '', '', '', '', '', '481', '', '586', '451', '', '']","['1', '6', '5', '4', '2', '3', '4', '3', '5', '1', '6', '5', '6', '0', '3', '0', '0', '4', '5', '1', '0', '6', '3', '2', '3', '0', '0', '4', '4', '5', '2', '2', '3', '2', '4', '3']","['3', '8', '6', '3', '3', '5', '4', '3', '3', '9', '3', '3', '3', '5', '3', '3', '8', '4', '6', '8', '2', '3', '3', '3', '3', '9', '5', '1', '2', '2', '3', '9', '3', '3', '3', '9']",36,0,"[485, 0, 0, 452, 518, 0, 0, 465, 517, 0, 433, 499, 498, 0, 417, 434, 0, 0, 0, 0, 0, 433, 466, 493, 482, 0, 0, 0, 0, 0, 481, 0, 586, 451, 0, 0]",225.27777777777777,1
8,8,70,5,PRE_TEST,"['1', '0', '0', '0', '0', '1', '1', '0', '1', '1', '1', '1', '0', '0', '0', '1', '1', '0', '0', '0', '0', '1', '0', '0', '0', '0', '1', '1', '0', '1', '1', '0', '1', '1', '1', '1']","['484', '', '', '', '', '482', '450', '', '450', '465', '432', '499', '', '', '', '601', '500', '', '', '', '', '468', '', '', '', '', '616', '533', '', '467', '466', '', '533', '484', '501', '467']","['2', '1', '0', '3', '3', '0', '1', '6', '4', '5', '2', '5', '6', '4', '6', '3', '1', '6', '6', '6', '2', '3', '4', '1', '0', '4', '5', '0', '5', '6', '4', '4', '6', '3', '3', '6']","['3', '8', '9', '4', '4', '3', '3', '1', '3', '3', '3', '3', '6', '9', '1', '3', '3', '2', '6', '9', '6', '3', '5', '6', '1', '5', '3', '3', '1', '3', '3', '8', '3', '3', '3', '3']",36,0,"[484, 0, 0, 0, 0, 482, 450, 0, 450, 465, 432, 499, 0, 0, 0, 601, 500, 0, 0, 0, 0, 468, 0, 0, 0, 0, 616, 533, 0, 467, 466, 0, 533, 484, 501, 467]",247.16666666666666,0
9,9,70,5,POST_TEST,"['0', '1', '1', '0', '0', '1', '1', '0', '0', '1', '1', '0', '0', '0', '1', '1', '0', '0', '1', '0', '0', '0', '0', '1', '1', '1', '1', '1', '1', '0', '0', '1', '0', '0', '1', '1']","['', '499', '466', '', '', '532', '533', '', '', '468', '516', '', '', '', '515', '482', '', '', '500', '', '', '', '', '566', '517', '500', '449', '518', '517', '', '', '501', '', '', '481', '501']","['3', '3', '1', '0', '1', '1', '5', '1', '2', '0', '0', '2', '6', '5', '2', '3', '0', '5', '0', '5', '4', '5', '4', '2', '2', '5', '1', '2', '0', '2', '4', '5', '6', '4', '0', '0']","['5', '3', '3', '5', '9', '3', '3', '6', '5', '3', '3', '8', '9', '2', '3', '3', '4', '4', '3', '8', '6', '2', '8', '3', '3', '3', '3', '3', '3', '4', '4', '3', '9', '8', '3', '3']",36,0,"[0, 499, 466, 0, 0, 532, 533, 0, 0, 468, 516, 0, 0, 0, 515, 482, 0, 0, 500, 0, 0, 0, 0, 566, 517, 500, 449, 518, 517, 0, 0, 501, 0, 0, 481, 501]",251.69444444444446,0
10,10,82,3,PRE_TEST,"['1', '1', '1', '0', '0', '0', '1', '0', '0', '0', '0', '1', '1', '0', '0', '1', '0', '1', '0', '1', '1', '0', '0', '0', '0', '1', '1', '0', '1', '0', '1', '0', '0', '1', '0', '1']","['684', '516', '750', '', '', '', '667', '', '', '', '', '649', '600', '', '', '699', '', '568', '', '667', '650', '', '', '', '', '617', '617', '', '633', '', '650', '', '', '867', '', '651']","['1', '3', '2', '0', '3', '2', '4', '1', '2', '6', '2', '1', '1', '4', '6', '4', '4', '3', '0', '6', '1', '3', '2', '0', '2', '5', '5', '2', '6', '1', '2', '1', '5', '1', '1', '2']","['3', '3', '3', '5', '2', '2', '3', '9', '5', '6', '1', '3', '3', '3', '1', '3', '8', '3', '9', '3', '3', '8', '2', '6', '5', '3', '3', '1', '3', '2', '3', '5', '4', '3', '3', '3']",36,0,"[684, 516, 750, 0, 0, 0, 667, 0, 0, 0, 0, 649, 600, 0, 0, 699, 0, 568, 0, 667, 650, 0, 0, 0, 0, 617, 617, 0, 633, 0, 650, 0, 0, 867, 0, 651]",291.25,2
11,11,82,3,POST_TEST,"['0', '1', '0', '1', '1', '1', '1', '0', '0', '1', '1', '0', '1', '1', '0', '1', '0', '1', '1', '0', '1', '0', '0', '1', '1', '0', '0', '0', '1', '1', '1', '0', '0', '0', '0', '0']","['', '517', '', '517', '534', '533', '566', '', '', '582', '634', '', '500', '717', '', '884', '', '500', '550', '', '551', '', '', '583', '517', '', '', '', '616', '683', '583', '', '', '', '', '']","['1', '0', '0', '1', '5', '5', '6', '6', '2', '4', '1', '1', '1', '3', '6', '0', '1', '5', '3', '5', '1', '1', '1', '0', '1', '5', '5', '5', '0', '1', '1', '1', '5', '6', '2', '2']","['5', '3', '9', '3', '3', '3', '3', '9', '5', '3', '3', '8', '3', '3', '4', '3', '6', '3', '3', '5', '3', '9', '8', '3', '3', '6', '9', '6', '3', '3', '3', '1', '2', '8', '9', '1']",36,0,"[0, 517, 0, 517, 534, 533, 566, 0, 0, 582, 634, 0, 500, 717, 0, 884, 0, 500, 550, 0, 551, 0, 0, 583, 517, 0, 0, 0, 616, 683, 583, 0, 0, 0, 0, 0]",293.52777777777777,0
12,12,85,3,PRE_TEST,"['1', '0', '1', '0', '0', '1', '1', '0', '0', '0', '0', '1', '1', '0', '0', '0', '1', '1', '0', '1', '1', '1', '0', '1', '0', '0', '0', '0', '1', '1', '0', '1', '1', '0', '1', '1']","['450', '', '399', '', '', '434', '500', '', '', '', '', '500', '500', '', '', '', '650', '466', '', '584', '450', '465', '', '450', '', '', '', '', '466', '449', '', '483', '466', '', '416', '467']","['1', '1', '6', '1', '6', '5', '1', '6', '1', '5', '2', '2', '4', '0', '5', '1', '2', '4', '2', '1', '2', '6', '4', '4', '6', '0', '5', '6', '2', '4', '6', '3', '1', '6', '5', '2']","['3', '2', '3', '5', '4', '3', '3', '2', '6', '4', '5', '3', '3', '8', '6', '5', '3', '3', '6', '3', '3', '3', '8', '3', '1', '9', '5', '2', '3', '3', '1', '3', '3', '4', '3', '3']",36,0,"[450, 0, 399, 0, 0, 434, 500, 0, 0, 0, 0, 500, 500, 0, 0, 0, 650, 466, 0, 584, 450, 465, 0, 450, 0, 0, 0, 0, 466, 449, 0, 483, 466, 0, 416, 467]",238.75,0
13,13,85,3,POST_TEST,"['0', '0', '1', '1', '0', '0', '1', '1', '1', '0', '0', '1', '0', '0', '1', '1', '0', '1', '0', '0', '1', '1', '0', '1', '1', '0', '0', '1', '1', '1', '0', '0', '0', '0', '1', '1']","['', '', '583', '416', '', '', '416', '433', '433', '', '', '416', '', '', '450', '483', '', '449', '', '', '433', '417', '', '449', '449', '', '', '484', '434', '450', '', '', '', '', '467', '516']","['0', '6', '1', '1', '1', '3', '2', '6', '1', '1', '5', '4', '0', '1', '5', '2', '6', '6', '2', '5', '3', '3', '5', '4', '6', '0', '6', '6', '4', '4', '2', '1', '3', '0', '4', '2']","['9', '4', '3', '3', '2', '4', '3', '3', '3', '4', '4', '3', '4', '1', '3', '3', '2', '3', '8', '5', '3', '3', '1', '3', '3', '4', '5', '3', '3', '3', '9', '9', '9', '4', '3', '3']",36,0,"[0, 0, 583, 416, 0, 0, 416, 433, 433, 0, 0, 416, 0, 0, 450, 483, 0, 449, 0, 0, 433, 417, 0, 449, 449, 0, 0, 484, 434, 450, 0, 0, 0, 0, 467, 516]",227.16666666666666,0
14,14,84,6,PRE_TEST,"['1', '0', '0', '0', '0', '1', '0', '1', '0', '0', '1', '1', '1', '0', '0', '1', '0', '0', '1', '1', '1', '1', '0', '0', '0', '1', '0', '1', '1', '1', '0', '0', '1', '1', '0', '1']","['451', '', '', '', '', '451', '', '475', '', '', '500', '500', '500', '', '', '425', '', '', '601', '550', '575', '653', '', '', '', '675', '', '525', '529', '600', '', '', '550', '601', '', '575']","['4', '4', '6', '4', '0', '6', '4', '2', '0', '5', '3', '6', '4', '2', '6', '3', '2', '5', '6', '5', '6', '0', '0', '2', '3', '3', '6', '4', '0', '1', '4', '1', '3', '5', '4', '5']","['3', '5', '1', '2', '8', '3', '4', '3', '1', '6', '3', '3', '3', '4', '5', '3', '8', '1', '3', '3', '3', '3', '2', '1', '6', '3', '2', '3', '3', '3', '5', '5', '3', '3', '2', '3']",36,0,"[451, 0, 0, 0, 0, 451, 0, 475, 0, 0, 500, 500, 500, 0, 0, 425, 0, 0, 601, 550, 575, 653, 0, 0, 0, 675, 0, 525, 529, 600, 0, 0, 550, 601, 0, 575]",270.44444444444446,0
15,15,84,6,POST_TEST,"['0', '0', '1', '1', '0', '1', '1', '1', '1', '0', '0', '1', '1', '0', '1', '0', '0', '1', '1', '1', '0', '0', '0', '1', '0', '1', '0', '1', '0', '1', '0', '1', '0', '0', '1', '0']","['', '', '525', '525', '', '500', '476', '675', '701', '', '', '473', '898', '', '475', '', '', '650', '575', '499', '', '', '', '774', '', '601', '', '525', '', '699', '', '625', '', '', '625', '']","['5', '0', '1', '2', '0', '0', '3', '4', '1', '6', '1', '4', '3', '1', '3', '6', '4', '6', '0', '3', '1', '2', '1', '0', '2', '1', '2', '4', '0', '2', '3', '1', '0', '3', '4', '5']","['6', '9', '3', '3', '6', '3', '3', '3', '3', '4', '9', '3', '3', '5', '3', '4', '4', '3', '3', '3', '9', '2', '2', '3', '5', '3', '8', '3', '8', '3', '4', '3', '5', '8', '3', '1']",36,0,"[0, 0, 525, 525, 0, 500, 476, 675, 701, 0, 0, 473, 898, 0, 475, 0, 0, 650, 575, 499, 0, 0, 0, 774, 0, 601, 0, 525, 0, 699, 0, 625, 0, 0, 625, 0]",300.5833333333333,0
16,16,87,7,PRE_TEST,"['0', '0', '1', '1', '0', '1', '1', '1', '0', '0', '1', '1', '0', '0', '1', '0', '1', '0', '0', '0', '1', '1', '0', '0', '1', '0', '1', '1', '0', '1', '0', '0', '1', '0', '1', '0']","['', '', '384', '399', '', '482', '416', '434', '', '', '450', '450', '', '', '450', '', '500', '', '', '', '467', '484', '', '', '467', '', '534', '434', '', '467', '', '', '450', '', '483', '']","['1', '3', '1', '4', '1', '6', '0', '6', '4', '5', '3', '6', '6', '1', '4', '2', '0', '1', '0', '3', '3', '1', '0', '3', '2', '1', '1', '2', '5', '1', '3', '1', '3', '0', '1', '0']","['8', '2', '3', '3', '5', '3', '3', '3', '1', '4', '3', '3', '9', '6', '3', '8', '3', '3', '1', '8', '3', '3', '1', '1', '3', '1', '3', '3', '5', '3', '9', '8', '3', '2', '3', '5']",36,0,"[0, 0, 384, 399, 0, 482, 416, 434, 0, 0, 450, 450, 0, 0, 450, 0, 500, 0, 0, 0, 467, 484, 0, 0, 467, 0, 534, 434, 0, 467, 0, 0, 450, 0, 483, 0]",215.30555555555554,1
17,17,87,7,POST_TEST,"['1', '0', '1', '0', '0', '1', '0', '0', '1', '1', '0', '0', '0', '1', '0', '0', '1', '1', '1', '0', '0', '1', '0', '0', '0', '1', '1', '0', '0', '1', '1', '1', '1', '1', '0', '1']","['416', '', '450', '', '', '500', '', '', '468', '548', '', '', '', '467', '', '', '533', '517', '500', '', '', '467', '', '', '', '467', '433', '', '', '500', '433', '533', '484', '484', '', '499']","['4', '4', '3', '6', '0', '1', '3', '5', '1', '1', '1', '1', '1', '1', '5', '1', '4', '0', '1', '5', '0', '4', '1', '3', '2', '4', '2', '3', '1', '4', '4', '1', '2', '1', '0', '5']","['3', '1', '3', '9', '1', '3', '9', '6', '3', '3', '6', '2', '4', '3', '1', '1', '3', '3', '3', '2', '5', '3', '4', '1', '9', '3', '3', '1', '5', '3', '3', '3', '3', '3', '8', '3']",36,0,"[416, 0, 450, 0, 0, 500, 0, 0, 468, 548, 0, 0, 0, 467, 0, 0, 533, 517, 500, 0, 0, 467, 0, 0, 0, 467, 433, 0, 0, 500, 433, 533, 484, 484, 0, 499]",241.63888888888889,0
18,18,90,3,PRE_TEST,"['0', '0', '1', '1', '0', '0', '1', '0', '1', '1', '0', '1', '0', '0', '0', '1', '1', '1', '1', '0', '1', '0', '1', '1', '0', '1', '0', '0', '1', '0', '0', '0', '1', '1', '0', '0']","['', '', '600', '567', '', '', '633', '', '734', '600', '', '601', '', '', '', '667', '600', '633', '633', '', '634', '', '733', '600', '', '634', '', '', '700', '', '', '', '617', '633', '', '']","['6', '4', '6', '5', '3', '3', '6', '3', '6', '5', '2', '6', '0', '1', '3', '0', '6', '3', '5', '5', '2', '6', '5', '5', '5', '5', '3', '4', '1', '3', '0', '3', '5', '3', '5', '2']","['6', '1', '3', '3', '4', '6', '3', '1', '3', '3', '5', '3', '5', '2', '8', '3', '3', '3', '3', '2', '3', '5', '3', '3', '3', '3', '2', '8', '3', '1', '8', '8', '3', '3', '1', '4']",36,0,"[0, 0, 600, 567, 0, 0, 633, 0, 734, 600, 0, 601, 0, 0, 0, 667, 600, 633, 633, 0, 634, 0, 733, 600, 0, 634, 0, 0, 700, 0, 0, 0, 617, 633, 0, 0]",300.52777777777777,1
19,19,90,3,POST_TEST,"['1', '1', '1', '0', '0', '1', '1', '0', '0', '1', '0', '0', '0', '0', '1', '1', '1', '0', '0', '0', '1', '0', '1', '0', '1', '1', '1', '0', '0', '1', '1', '0', '1', '1', '0', '0']","['534', '566', '583', '', '', '550', '599', '', '', '567', '', '', '', '', '583', '600', '567', '', '', '', '534', '', '600', '', '667', '600', '517', '', '', '900', '517', '', '583', '584', '', '']","['0', '3', '0', '1', '0', '5', '4', '5', '6', '6', '6', '0', '6', '1', '4', '4', '1', '4', '2', '6', '5', '4', '6', '1', '2', '6', '3', '0', '4', '5', '1', '0', '2', '3', '6', '4']","['3', '3', '3', '4', '9', '3', '3', '2', '1', '3', '5', '1', '4', '4', '3', '3', '3', '1', '4', '4', '3', '2', '3', '6', '3', '3', '3', '9', '8', '3', '3', '2', '3', '3', '4', '6']",36,0,"[534, 566, 583, 0, 0, 550, 599, 0, 0, 567, 0, 0, 0, 0, 583, 600, 567, 0, 0, 0, 534, 0, 600, 0, 667, 600, 517, 0, 0, 900, 517, 0, 583, 584, 0, 0]",295.8611111111111,0
20,20,96,6,PRE_TEST,"['0', '1', '1', '0', '0', '1', '0', '1', '1', '1', '0', '1', '1', '1', '0', '0', '1', '0', '0', '0', '1', '1', '0', '0', '1', '1', '1', '0', '1', '1', '0', '0', '0', '0', '0', '0']","['', '500', '499', '', '', '583', '', '566', '548', '733', '', '615', '665', '565', '', '', '499', '', '', '', '599', '615', '', '', '664', '649', '532', '', '515', '533', '', '', '', '', '', '']","['6', '5', '2', '6', '2', '5', '4', '4', '3', '5', '4', '6', '6', '5', '0', '2', '5', '6', '1', '6', '6', '3', '5', '6', '1', '6', '3', '4', '0', '2', '0', '2', '3', '4', '5', '1']","['9', '3', '3', '8', '6', '3', '5', '3', '3', '3', '9', '3', '3', '3', '6', '4', '3', '5', '1', '6', '3', '3', '4', '2', '3', '3', '3', '4', '3', '3', '3', '5', '2', '5', '1', '1']",36,0,"[0, 500, 499, 0, 0, 583, 0, 566, 548, 733, 0, 615, 665, 565, 0, 0, 499, 0, 0, 0, 599, 615, 0, 0, 664, 649, 532, 0, 515, 533, 0, 0, 0, 0, 0, 0]",274.44444444444446,1
21,21,96,6,POST_TEST,"['0', '0', '1', '0', '0', '1', '1', '1', '0', '1', '1', '0', '1', '0', '1', '0', '0', '1', '1', '1', '0', '0', '1', '1', '0', '0', '1', '0', '0', '1', '1', '1', '0', '1', '0', '0']","['', '', '464', '', '', '483', '582', '500', '', '515', '565', '', '482', '', '515', '', '', '498', '582', '532', '', '', '698', '482', '', '', '532', '', '', '599', '565', '548', '', '581', '', '']","['4', '2', '6', '4', '5', '5', '2', '5', '3', '5', '1', '5', '1', '6', '3', '1', '1', '5', '0', '2', '5', '5', '5', '5', '1', '4', '0', '6', '4', '6', '0', '4', '5', '6', '1', '0']","['9', '8', '3', '1', '5', '3', '3', '3', '5', '3', '3', '9', '3', '6', '3', '9', '2', '3', '3', '3', '6', '6', '3', '3', '8', '8', '3', '8', '4', '3', '3', '3', '4', '3', '9', '2']",36,0,"[0, 0, 464, 0, 0, 483, 582, 500, 0, 515, 565, 0, 482, 0, 515, 0, 0, 498, 582, 532, 0, 0, 698, 482, 0, 0, 532, 0, 0, 599, 565, 548, 0, 581, 0, 0]",270.0833333333333,0
23,23,116,2,PRE_TEST,"['0', '1', '0', '1', '0', '1', '1', '0', '0', '1', '0', '1', '0', '0', '0', '1', '1', '1', '0', '1', '0', '1', '0', '1', '1', '0', '0', '1', '0', '1', '1', '0', '1', '0', '0', '0']","['', '433', '', '416', '', '449', '467', '', '', '466', '', '399', '', '', '', '449', '467', '416', '', '417', '', '450', '', '466', '483', '', '', '483', '', '1016', '466', '', '483', '', '', '']","['4', '2', '2', '4', '5', '0', '2', '5', '4', '3', '3', '0', '1', '1', '1', '6', '0', '1', '4', '3', '3', '0', '4', '4', '0', '4', '4', '1', '6', '1', '6', '2', '3', '1', '3', '3']","['2', '3', '4', '3', '5', '3', '3', '9', '6', '3', '2', '3', '9', '2', '4', '3', '3', '3', '6', '3', '9', '3', '5', '3', '3', '8', '5', '3', '8', '3', '3', '4', '3', '3', '1', '4']",36,0,"[0, 433, 0, 416, 0, 449, 467, 0, 0, 466, 0, 399, 0, 0, 0, 449, 467, 416, 0, 417, 0, 450, 0, 466, 483, 0, 0, 483, 0, 1016, 466, 0, 483, 0, 0, 0]",228.5,1
24,24,116,2,POST_TEST,"['0', '0', '1', '0', '1', '0', '1', '1', '0', '0', '0', '0', '0', '1', '1', '1', '1', '0', '1', '0', '0', '1', '0', '0', '1', '0', '1', '1', '0', '0', '1', '1', '0', '0', '1', '1']","['', '', '433', '', '483', '', '499', '433', '', '', '', '', '', '433', '416', '500', '449', '', '466', '', '', '466', '', '', '450', '', '433', '449', '', '', '483', '466', '', '', '533', '450']","['3', '6', '2', '5', '6', '1', '5', '1', '5', '3', '2', '5', '1', '5', '1', '5', '1', '1', '2', '1', '2', '5', '1', '2', '2', '2', '3', '4', '1', '4', '6', '0', '1', '4', '6', '6']","['9', '1', '3', '1', '3', '1', '3', '3', '1', '9', '1', '6', '3', '3', '3', '3', '3', '5', '3', '8', '1', '3', '5', '5', '3', '5', '3', '3', '1', '9', '3', '3', '4', '5', '3', '3']",36,0,"[0, 0, 433, 0, 483, 0, 499, 433, 0, 0, 0, 0, 0, 433, 416, 500, 449, 0, 466, 0, 0, 466, 0, 0, 450, 0, 433, 449, 0, 0, 483, 466, 0, 0, 533, 450]",217.83333333333334,1
25,25,140,2,PRE_TEST,"['1', '1', '1', '0', '1', '1', '0', '0', '0', '1', '0', '0', '1', '0', '1', '0', '1', '0', '0', '1', '1', '1', '0', '1', '0', '1', '0', '0', '0', '1', '1', '1', '1', '0', '0', '0']","['432', '466', '399', '', '434', '394', '', '', '', '399', '', '', '417', '', '416', '', '416', '', '', '400', '383', '383', '', '383', '', '416', '', '', '', '416', '433', '416', '466', '', '', '']","['1', '3', '3', '5', '4', '3', '1', '6', '6', '5', '0', '1', '6', '1', '2', '4', '4', '5', '1', '3', '5', '3', '3', '0', '5', '4', '1', '4', '1', '0', '5', '3', '3', '2', '4', '3']","['3', '3', '3', '5', '3', '3', '5', '2', '8', '3', '4', '4', '3', '9', '3', '4', '3', '9', '8', '3', '3', '3', '1', '3', '9', '3', '5', '9', '8', '3', '3', '3', '3', '6', '9', '1']",36,0,"[432, 466, 399, 0, 434, 394, 0, 0, 0, 399, 0, 0, 417, 0, 416, 0, 416, 0, 0, 400, 383, 383, 0, 383, 0, 416, 0, 0, 0, 416, 433, 416, 466, 0, 0, 0]",207.47222222222223,0
26,26,140,2,POST_TEST,"['0', '0', '1', '1', '0', '1', '1', '0', '0', '1', '0', '1', '1', '1', '0', '0', '0', '0', '0', '1', '0', '0', '1', '0', '1', '1', '1', '0', '0', '0', '0', '1', '1', '1', '0', '1']","['', '', '433', '433', '', '417', '450', '', '', '449', '', '500', '533', '450', '', '', '', '', '', '450', '', '', '484', '', '449', '516', '467', '', '', '', '', '482', '467', '499', '', '516']","['3', '0', '1', '2', '0', '5', '1', '2', '0', '1', '3', '3', '1', '5', '2', '5', '2', '0', '5', '2', '4', '5', '2', '2', '3', '4', '1', '2', '3', '3', '4', '2', '6', '5', '1', '0']","['8', '4', '3', '3', '9', '3', '3', '9', '4', '3', '8', '3', '3', '3', '9', '1', '4', '8', '6', '3', '2', '1', '3', '6', '3', '3', '3', '8', '6', '5', '9', '3', '3', '3', '3', '3']",36,0,"[0, 0, 433, 433, 0, 417, 450, 0, 0, 449, 0, 500, 533, 450, 0, 0, 0, 0, 0, 450, 0, 0, 484, 0, 449, 516, 467, 0, 0, 0, 0, 482, 467, 499, 0, 516]",222.08333333333334,1
27,27,158,5,PRE_TEST,"['1', '2', '1', '1', '1', '2', '0', '0', '1', '0', '1', '1', '0', '1', '0', '0', '1', '0', '1', '1', '1', '1', '0', '0', '0', '1', '0', '1', '1', '0', '0', '1', '0', '0', '1', '0']","['400', '433', '516', '583', '567', '616', '', '', '583', '', '600', '566', '', '550', '', '', '533', '', '534', '517', '534', '533', '', '', '', '550', '', '533', '600', '', '', '517', '', '', '549', '']","['5', '5', '5', '6', '5', '1', '0', '0', '3', '3', '3', '3', '3', '0', '3', '0', '1', '0', '1', '1', '0', '6', '0', '1', '2', '5', '0', '1', '3', '0', '5', '4', '1', '4', '4', '0']","['3', '9', '3', '3', '3', '1', '9', '9', '3', '9', '3', '3', '1', '3', '1', '1', '3', '8', '3', '3', '3', '3', '4', '2', '9', '3', '1', '3', '3', '2', '5', '3', '5', '2', '3', '6']",36,2,"[400, 0, 516, 583, 567, 0, 0, 0, 583, 0, 600, 566, 0, 550, 0, 0, 533, 0, 534, 517, 534, 533, 0, 0, 0, 550, 0, 533, 600, 0, 0, 517, 0, 0, 549, 0]",271.25,0
28,28,158,5,POST_TEST,"['0', '1', '0', '1', '0', '0', '1', '0', '1', '1', '0', '0', '1', '2', '0', '1', '1', '1', '0', '0', '1', '2', '2', '1', '0', '1', '1', '1', '0', '0', '0', '0', '1', '1', '1', '1']","['', '500', '', '516', '', '', '534', '', '467', '483', '', '', '500', '417', '', '500', '499', '483', '', '', '550', '401', '433', '567', '', '499', '500', '699', '', '', '', '', '500', '517', '567', '499']","['6', '4', '2', '3', '6', '0', '2', '1', '0', '5', '0', '0', '4', '2', '0', '5', '1', '1', '4', '6', '1', '5', '6', '1', '2', '4', '1', '1', '2', '1', '3', '4', '3', '6', '2', '1']","['9', '3', '4', '3', '8', '9', '3', '2', '3', '3', '5', '8', '3', '9', '6', '3', '3', '3', '2', '1', '3', '1', '8', '3', '1', '3', '3', '3', '9', '5', '2', '8', '3', '3', '3', '3']",36,3,"[0, 500, 0, 516, 0, 0, 534, 0, 467, 483, 0, 0, 500, 0, 0, 500, 499, 483, 0, 0, 550, 0, 0, 567, 0, 499, 500, 699, 0, 0, 0, 0, 500, 517, 567, 499]",260.55555555555554,0
